<?xml version="1.0" encoding="UTF-8" standalone="yes"?>
<addon id="plugin.video.keyword" name="Keyword Installer" version="1.0.0a" provider-name="keyword">
  <requires>
    <import addon="xbmc.python" version="2.1.0"/>
  </requires>
  <extension point="xbmc.python.pluginsource" library="default.py">
        <provides>executable</provides>
  </extension>
  <extension point="xbmc.addon.metadata">
    <summary lang="en">en</summary>
    <description lang="en">Install any plugin or even your own xbmc back up just enter the short-url of the zip</description>
    <platform>all</platform>
  </extension>
</addon>
